" The subscription will end on %s.", " The subscription will end on %s."
"%s is not a authorize status!","%s is not a authorize status!"
"%s is not a capture status!","%s is not a capture status!"
"%s is not a refund status!","%s is not a refund status!"
"%s is not a special status!","%s is not a special status!"
"%s is not a void status!","%s is not a void status!"
"'%value%' has a false IBAN format", "'%value%' has a false IBAN format"
"'%value%' has failed the IBAN check", "'%value%' has failed the IBAN check"
"--Please select--","--Please select--"
"<p id='ops_mode_comment' style='color:red; display:none;'>Please note that, after changing this value, you might also need to update additional fields like API-User and password, PSPID or SHA-IN/OUT pass phrase.</p>","<p id='ops_mode_comment' style='color:red; display:none;'>Please note that, after changing this value, you might also need to update additional fields like API-User and password, PSPID or SHA-IN/OUT pass phrase.</p>"
"<p id='ops_recurring_cc_active_comment' style='color:red; display:none;'>To use this functionality you have to have the Subscription manager function enabled in the Ingenico ePayments (Ogone) backend.</p>","<p id='ops_recurring_cc_active_comment' style='color:red; display:none;'>To use this functionality you need to have the Subscription manager function enabled in the Ingenico ePayments (Ogone) backend.</p>"
"<span style='color:red;'>When using this feature, make sure to enable all Dynamic Parameters in the Ingenico ePayments (Ogone) Backoffice in section <em>Tech. information &gt; Transaction feedback &gt; Alias gateway and Tokenization</em>.</span>", "<span style='color:red;'>When using this feature, make sure to enable all Dynamic Parameters in the Ingenico ePayments (Ogone) Backoffice in section <em>Tech. information &gt; Transaction feedback &gt; Alias gateway and Tokenization</em>.</span>"
"Ingenico ePayments (Ogone) - Dynamic template","Ingenico ePayments (Ogone) - Dynamic template"
"Ingenico ePayments (Ogone) - iFrame mode", "Ingenico ePayments (Ogone) - iFrame mode"
"Ingenico ePayments (Ogone) - Redirect mode", "Ingenico ePayments (Ogone) - Redirect mode"
"Ingenico ePayments (Ogone) Account","Ingenico ePayments (Ogone) Account"
"Ingenico ePayments (Ogone) Flex payment method", "Ingenico ePayments (Ogone) Flex payment method"
"Ingenico ePayments (Ogone) Payment failed", "Ingenico ePayments (Ogone) Payment failed"
"Ingenico ePayments (Ogone) payment id", "Ingenico ePayments (Ogone) payment id"
"Ingenico ePayments (Ogone) resend payment information","Ingenico ePayments (Ogone) resend payment information"
"Ingenico ePayments (Ogone) server is temporarily not available", "Ingenico ePayments (Ogone) server is temporarily not available"
"Ingenico ePayments (Ogone) server is temporarily not available, please try again later.","Ingenico ePayments (Ogone) server is temporarily not available, please try again later."
"Ingenico ePayments (Ogone) status 0, the action failed.", "Ingenico ePayments (Ogone) status 0, the action failed."
"Ingenico ePayments (Ogone) status successfully updated", "Ingenico ePayments (Ogone) status successfully updated"
"Ingenico ePayments (Ogone) Subscription Manager via Cc", "Ingenico ePayments (Ogone) Subscription Manager via Cc"
"Ingenico ePayments (Ogone) suspend subscription request", "Ingenico ePayments (Ogone) suspend subscription request"
"A generic option, that lets the customer choose the exact method on Ingenico ePayments (Ogone) side.", "A generic option, that lets the customer choose the exact method on Ingenico ePayments (Ogone) side."
"A generic payment method, that lets the customer choose the exact method on Ingenico ePayments (Ogone) side.", "A generic payment method, that lets the customer choose the exact method on Ingenico ePayments (Ogone) side."
"A subscription will be created. This will charge you %s every %s %s.", " A subscription will be created. This will charge you %s every %s %s."
"A technical problem arose during payment process, giving unpredictable result. Ingenico ePayments (Ogone) status: %s.","A technical problem arose during payment process, giving unpredictable result. Ingenico ePayments (Ogone) status: %s."
"A trial subscription will be created. This will charge you %s every %s %s until %s.", "A trial subscription will be created. This will charge you %s every %s %s until %s."
"Account Holder must be filled in.","Account Holder must be filled in."
"Account holder must be provided", "Account holder must be provided"
"Account holder","Account holder"
"Account number must contain numbers only.","Account number must contain numbers only."
"Account number","Account number"
"Action","Action"
"Activates automatic payment cancellation", "Activates automatic payment cancellation"
"Activates automatic sending of payment reminder","Activates automatic sending of payment reminder"
"active","active"
"Add Brand", "Add Brand"
"Add Method", "Add Method"
"Add one or more brands. In field 'BRAND' you will have to enter the value you got from Ingenico ePayments (Ogone).", "Add one or more brands. In field 'BRAND' you will have to enter the value you got from Ingenico ePayments (Ogone)."
"Add one or more methods. In field 'PM' you will have to enter the PM value you got from Ingenico ePayments (Ogone), same goes for the field 'BRAND'.", "Add one or more methods. In field 'PM' you will have to enter the PM value you got from Ingenico ePayments (Ogone), same goes for the field 'BRAND'."
"Additional Ingenico ePayments (Ogone) payment methods", "Additional Ingenico ePayments (Ogone) payment methods"
"Aliasusage existing Alias","Aliasusage existing Alias"
"Aliasusage New","Alias Label New"
"All Allowed Countries","All Allowed Countries"
"Allow payment method for discounted carts. Please note that not all aquirers support transmission of discount items.","Allow payment method for discounted carts. Please note that not all aquirers support transmission of discount items."
"Allow zero amount authorization", "Allow zero amount authorization"
"Allowed file types: jpeg, gif, png.","Allowed file types: jpeg, gif, png."
"Allows you to display a configurable link to your aquirers invoicing terms and conditions.","Allows you to display a configurable link to your aquirers invoicing terms and conditions."
"An error occured during 3D-Secure processing of Ingenico ePayments (Ogone). Error: %s","Error during 3D-Secure processing of Ingenico ePayments (Ogone). Error: %s"
"An error occured during 3D-Secure processing of Ingenico ePayments (Ogone).", "An error occured during 3D-Secure processing of Ingenico ePayments (Ogone)."
"An error occured during the Ingenico ePayments (Ogone) request. Your action could not be executed. Message: '%s'.","An error occured during the Ingenico ePayments (Ogone) request. Your action could not be executed. Message: '%s'."
"An unknown exception occured.","An unknown exception occured."
"An unknown exception was thrown in the payment process. Ingenico ePayments (Ogone) status: %s.","An unknown exception was thrown in the payment process. Ingenico ePayments (Ogone) status: %s."
"API Password","API Password"
"API User","API User"
"Appliances","Appliances"
"Apply to sub-categories", "Apply to sub-categories"
"Are you sure you want to cancel this order? Warning: Please check the payment status in the back-office of Ingenico ePayments (Ogone) before. By cancelling this order you won\'t be able to update the status in Magento anymore.", "Are you sure you want to cancel this order? Warning: Please check the payment status in the back-office of Ingenico ePayments (Ogone) before. By cancelling this order you won\'t be able to update the status in Magento anymore."
"Are you sure you want to perform this action? Canceling the subscription here will not actually cancel the subscription on Ingenico ePayments (Ogone) side. To stop charging the customer you will have to deactivate the subscription there.", "Are you sure you want to perform this action? This will only set the status in Magento. To stop charging the customer you will have to deactivate the subscription on the Ingenico ePayments (Ogone) side."
"Are you sure you want to perform this action? Suspending the subscription here will not actually cancel the subscription on Ingenico ePayments (Ogone) side. To stop charging the customer you will have to deactivate the subscription there.", "Are you sure you want to perform this action? This will only set the status in Magento. To suspend charging the customer, you will have to suspend the subscription on the Ingenico ePayments (Ogone) side."
"Attention: This may be an attempt to defraud!","Attention: This may be an attempt to defraud!"
"Auctions and bulk purchases","Auctions and bulk purchases"
"Authorization status changed. Current Ingenico ePayments (Ogone) status is: %s.","Authorization status changed. Current Ingenico ePayments (Ogone) status is: %s."
"Authorization uncertain. Ingenico ePayments (Ogone) status: %s.","Authorization uncertain. Ingenico ePayments (Ogone) status: %s."
"Authorization waiting from Ingenico ePayments (Ogone)","Authorization waiting from Ingenico ePayments (Ogone)"
"Authorization waiting. Ingenico ePayments (Ogone) status: %s.","Authorization waiting. Ingenico ePayments (Ogone) status: %s."
"Authorization","Authorization"
"Automatic activation not possible. Please contact our support team.", "Automatic activation not possible. Please contact our support team."
"Automatic Payment Cancellation", "Automatic Payment Cancellation"
"Automatic Payment Cancellation","Automatic Payment Cancellation"
"Automatic Payment Reminder", "Automatic Payment Reminder"
"Automatic Payment Reminder","Automatic Payment Reminder"
"Baby articles and accessories","Baby articles and accessories"
"Background Color of Ingenico ePayments (Ogone) Template","Background Color of Ingenico ePayments (Ogone) Template"
"Bank account origin","Bank account origin"
"Bank code must contain numbers only.","Bank code must contain numbers only."
"Bank code","Bank code"
"BCMC","Bancontact/Mister Cash"
"BIC: %s", "BIC: %s"
"Billing Address","Billing Address"
"Billing day for monthly subscriptions", "Billing day for monthly subscriptions"
"Billing day for weekly subscriptions", "Billing day for weekly subscriptions"
"Brand", "Brand"
"Button Background Color of the Ingenico ePayments (Ogone) Template","Button Background Color of the Ingenico ePayments (Ogone) Template"
"Button Text Color of the Ingenico ePayments (Ogone) Template","Button Text Color of the Ingenico ePayments (Ogone) Template"
"By choosing this payment method the choice of the concrete payment method will be on Ingenico ePayments (Ogone) side.", "By choosing this payment method the choice of the concrete payment method will be on Ingenico ePayments (Ogone) side."
"Can not save empty title or PM fields", "Can not save empty title or PM fields"
"Cancel unpaid (stale) orders automatically (status 0, 1, 2).", "Cancel unpaid (stale) orders automatically (status 0, 1, 2)."
"Cancel","Cancel"
"Cancellation Days", "Cancellation Days"
"Cancellation Days","Cancellation Days"
"Cannot create an invoice without products.","Cannot create an invoice without products."
"Capture is waiting or uncertain. Ingenico ePayments (Ogone) status: %s.","Capture is waiting or uncertain. Ingenico ePayments (Ogone) status: %s."
"Capture process complete","Capture process complete"
"Capture was refused. Automatic creation failed. Ingenico ePayments (Ogone) status: %s.","Capture was refused. Automatic creation failed. Ingenico ePayments (Ogone) status: %s."
"Car & Motorbike", "Car & Motorbike"
"Card Holder", "Card Holder"
"Card Number/Account Number", "Card Number/Account Number"
"Card Verification Number","CVC / Issue number"
"Categorie's %s configuration", "Categorie's %s configuration"
"Categories configuration", "Categories configuration"
"CIVILITY", "Invoiced customer's salutation"
"Clothing & accessories", "Clothing & accessories"
"Collect at airport, train station or travel agency","Collect at airport, train station or travel agency"
"Collection point (Kiala...)","Collection point (Kiala...)"
"Computer & software","Computer & software"
"Could not perform actions for Ingenico ePayments (Ogone) status: %s.","Could not perform actions for Ingenico ePayments (Ogone) status: %s."
"Could not remove alias %s.", "Could not remove alias %s."
"Could not send suspend mail, please try again or contact our support directly.","Could not send suspend mail, please try again or contact our support directly."
"Countries","Countries"
"Country not supported for IBAN", "Country not supported for IBAN"
"Country", "Country"
"Credit Card Number","Credit Card Number"
"Credit Card Type","Credit Card Type"
"Credit/Debit card Split", "Credit/Debit card Split"
"Creditmemo '%s' was created automatically. Ingenico ePayments (Ogone) Status: %s.","Creditmemo '%s' was created automatically. Ingenico ePayments (Ogone) Status: %s."
"Creditmemo will be created automatically as soon as Ingenico ePayments (Ogone) sends an acknowledgement. Ingenico ePayments (Ogone) Status: %s.","Creditmemo will be created automatically as soon as Ingenico ePayments (Ogone) sends an acknowledgement. Ingenico ePayments (Ogone) Status: %s."
"Culture & leisure","Culture & leisure"
"custom", "Custom"
"Customer received your payment instructions, waiting for actual payment.","Customer received your payment instructions, waiting for actual payment."
"Customer redirected for 3DS authorization.", "Customer redirected for 3DS authorization."
"Debug","Debug"
"Default option title", "Default option title"
"Default Shipping Method Details", "Default Shipping Method Details"
"Default Shipping method speed", "Default Shipping Speed (in hours)"
"Default Shipping Method Type", "Default Shipping Method Type"
"Default Shipping speed (in hours)", "Default Shipping speed (in hours)"
"Delete Image","Delete Image"
"Delete","delete"
"Depending on the selection the extension will communicate with the Ingenico ePayments (Ogone) test or production service. Choose custom, if you have to use special urls for the gateway.", "Depending on the selection the extension will communicate with the Ingenico ePayments (Ogone) test or production service. Choose custom, if you have to use special urls for the gateway."
"Determines the day of the month when a monthly subscription gets triggered.", "Determines the day of the month when a monthly subscription gets triggered."
"Determines the day of the week when a weekly subscription gets triggered.","Determines the day of the week when a weekly subscription gets triggered."
"devprefix", "Prefix for parameter ORDERID"
"Direct Sale","Direct Sale"
"DirectEbanking", "sofortüberweisung.de"
"DirectEbankingAT", "SOFORT Überweisung (AT)"
"DirectEbankingBE", "SOFORT Überweisung (BE)"
"DirectEbankingCH", "SOFORT Überweisung (CH)"
"DirectEbankingDE", "SOFORT Überweisung (DE)"
"DirectEbankingFR", "SOFORT Überweisung (FR)"
"DirectEbankingGB", "SOFORT Überweisung (GB)"
"DirectLink Maintenance API URL", "DirectLink Maintenance API URL"
"Disallowed file type.","Disallowed file type."
"Documentation", "Documentation"
"Don't forget to set your shipping method to use KWIXO in the best way", "Don't forget to set your shipping method to use KWIXO in the best way"
"Download Logfile", "Download Logfile"
"Download","Download"
"E-Mail template for suspending/canceling a subscription", "E-Mail template for suspending/canceling a subscription"
"e.g: black","e.g: black"
"e.g: Verdana","e.g: Verdana"
"e.g: white","e.g: white"
"ECOM_BILLTO_POSTAL_STREET_NUMBER","House number of invoicing address"
"ECOM_SHIPTO_POSTAL_NAME_PREFIX", "Delivery customer's salutation"
"ECOM_SHIPTO_POSTAL_STREET_LINE1","Delivery address"
"ECOM_SHIPTO_POSTAL_STREET_NUMBER","Delivery house number"
"ECOM_SHIPTO_TELECOM_PHONE_NUMBER", "Delivery customer's phone number"
"Enable 3D secure","Enable 3D secure"
"Enable device fingerprinting","Enable device fingerprinting"
"Enable for backend", "Enable for backend"
"Enable inline payment (Direct Link) for these card types", "Enable inline payment (Direct Link) for these card types"
"Enable redirect payment for all card types", "Enable redirect payment for all card types"
"Enable state restriction","Enable state restriction"
"Enable this if you wish to use fraud detection", "Enable this if you wish to use fraud detection"
"Enable tracking code", "Enable tracking code for fraud detection"
"Enabled Alias Manager", "Enabled Alias Manager"
"Enabled Card Types","Enabled Card Types"
"English", "English"
"Enter new bank data...","Enter new bank data..."
"Enter new credit card data...", "Enter new credit card data..."
"Enter the TemplateRootId you received from Ingenico ePayments (Ogone) or the url to an external template.", "Enter the TemplateRootId you received from Ingenico ePayments (Ogone) or the url to an external template."
"Error transaction count is %s instead of 1 for the Payid '%s'", "Error transaction count is %s instead of 1 for the Payid '%s'"
"Error, transaction count is %s instead of 1 for the Payid '%s', order '%s' and Operation '%s'.","Error, transaction count is %s instead of 1 for the Payid '%s', order '%s' and Operation '%s'."
"Estimated Delivery Date", "Estimated delivery delay (in days)"
"Existing Ingenico ePayments (Ogone) transaction", "Existing Ingenico ePayments (Ogone) transaction"
"Expiration Date","Expiration Date"
"expires: %s", "expires: %s"
"Extension Version", "Extension Version"
"FAILURE_TOKEN","Your payment data could not be saved by Ingenico ePayments (Ogone). Please <a href='javascript:void(0)' onclick='payment.reloadIframe();'>retry</a> or select another payment method."
"FAILURE_TOKEN_FRONTEND","Your payment data could not be saved by Ingenico ePayments (Ogone). Please <a href='javascript:void(0)' onclick='payment.handleBrandChange();'>retry</a> or select another payment method."
"First Aid - FAQ", "First Aid - FAQ"
"Flowers & gifts","Flowers & gifts"
"Font Family of the Ingenico ePayments (Ogone) Template","Font Family of the Ingenico ePayments (Ogone) Template"
"Food & gastronomy","Food & gastronomy"
"For an easier PCI compliance we recommend redirect mode, iFrame mode or dynamic template with the template hosted on Ingenico ePayments (Ogone) servers. This does NOT affect the Hosted Tokenization iFrame (HTP).", "For an easier PCI compliance we recommend redirect mode, iFrame mode or dynamic template with the template hosted on Ingenico ePayments (Ogone) servers. This does NOT affect the Hosted Tokenization iFrame (HTP)."
"For the selected card types, the customer can enter the credit card details directly in the checkout.","For the selected card types, the customer can enter the credit card details directly in the checkout."
"German", "German"
"Hash algorithm", "Hash algorithm"
"Hash is not valid","Hash is not valid"
"Health & beauty","Health & beauty"
"Here you can enter the desired text which is used for existing alias, the text will be displayed on Ingenico ePayments (Ogone) side.","Here you can enter the desired text which is used for existing alias, the text will be displayed on Ingenico ePayments (Ogone) side."
"Here you can enter the desired text which will be displayed on Ingenico ePayments (Ogone) side.","Here you can enter the desired text which will be displayed on Ingenico ePayments (Ogone) side."
"Hifi, photo & video","Hifi, photo & video"
"Home & garden","Home & garden"
"Horizontally grouped logo with group name on left","Horizontally grouped logo with group name on left"
"Horizontally grouped logo with no group name","Horizontally grouped logo with no group name"
"IBAN: %s", "IBAN: %s"
"If activated an extra parameter is transmitted to Ingenico ePayments (Ogone) for the Creditcard/Debitcard payment methods.","If activated an extra parameter is transmitted to Ingenico ePayments (Ogone) for the Creditcard/Debitcard payment methods."
"If Automatic Payment Reminder is enabled too, it's configuration will be taken into account to prevent reminder emails and cancellations from happening at the same time.", "If Automatic Payment Reminder is enabled too, it's configuration will be taken into account to prevent reminder emails and cancellations from happening at the same time."
"If enabled the order status changes that differ from the expected status of the order for the Ingenico ePayments (Ogone) status will get reverted. This can cause conflicts if you use custom order statuses.","If enabled the order status changes that differ from the expected status of the order for the Ingenico ePayments (Ogone) status will get reverted. This can cause conflicts if you use custom order statuses."
"If set to <em>Yes</em>, customers will be redirected to the external Ingenico ePayments (Ogone) payment page.","If set to <em>Yes</em>, customers will be redirected to the external Ingenico ePayments (Ogone) payment page."
"If the customer's credit card supports 3D Secure, he will be redirected to an external page to enter his password.","If the customer's credit card supports 3D Secure, he will be redirected to an external page to enter his password."
"If this checkbox is marked, the refund will be final: the transaction will be closed and it will not be possible to perform any further refund for this transaction.", "If this checkbox is marked, the refund will be final: the transaction will be closed and it will not be possible to perform any further refund for this transaction."
"If this option is enabled, the customer's alias data will be saved in the shop. The data can then be used again later if the buyer has stored them permanently on Ingenico ePayments (Ogone) side.", "If this option is enabled, the customer's alias data will be saved in the shop. The data can then be used again later if the buyer has stored them permanently on Ingenico ePayments (Ogone) side."
"If you choose 'Ingenico ePayments (Ogone)', you will need to fill in all the following fields.","If you choose 'Ingenico ePayments (Ogone)', you will need to fill in all the following fields."
"Incorrect credit card expiration date.","Incorrect credit card expiration date."
"invalid BIC provided", "Invalid BIC provided"
"invalid data provided", "Invalid data provided"
"Invalid IBAN provided", "Invalid IBAN provided"
"Invalid payment information provided!", "Invalid payment information provided!"
"Invoice '%s' was created automatically. Ingenico ePayments (Ogone) Status: %s.","Invoice '%s' was created automatically. Ingenico ePayments (Ogone) Status: %s."
"Invoice terms title","Invoice terms title"
"Invoice terms URL","Invoice terms URL"
"Invoice will be created automatically as soon as Ingenico ePayments (Ogone) sends an acknowledgement. Ingenico ePayments (Ogone) status: %s.","Invoice will be created automatically as soon as Ingenico ePayments (Ogone) sends an acknowledgement. Ingenico ePayments (Ogone) status: %s."
"Jewelry & precious metals","Jewelry & precious metals"
"Kwixo Category Mapping", "Kwixo Category Mapping"
"Kwixo category", "Kwixo category"
"Kwixo shipping method type", "Kwixo shipping method type"
"Kwixo shipping setting", "Kwixo shipping setting"
"kwixo_apres_reception_description", "Kwixo apres reception description"
"kwixo_payement_en_1_fois_description", "Kwixo payement en 1 fois description"
"Last refund (Close payment transaction)", "Last refund (Close payment transaction)"
"Layout of Payment Methods","Layout of Payment Methods"
"Layout on the external payment page (for redirect payment methods).", "Layout on the external payment page (for redirect payment methods)."
"LOAD_TOKEN", "Please wait, while we load the Ingenico ePayments (Ogone) payment form."
"Logo of the Ingenico ePayments (Ogone) Template","Logo of the Ingenico ePayments (Ogone) Template"
"Magento - internal shop template", "Magento - internal shop template"
"Make sure that <em>gender</em> and <em>date of birth</em> are required fields in the checkout. Otherwise this payment method will not be displayed.","Make sure that <em>gender</em> and <em>date of birth</em> are required fields in the checkout. Otherwise this payment method will not be displayed."
"Make sure the global Magento logging is also enabled.","Make sure the global Magento logging is also enabled."
"Maximum length for this field is 35 characters.", "Maximum length for this field is 35 characters."
"Methods", "Methods"
"Miscellaneous Countries", "Miscellaneous Countries"
"Mode", "Environment"
"Month of Expiration Date", "Month of Expiration Date"
"My payment information", "My payment information"
"Name on Card","Name on Card"
"Need support? Contact Ingenico ePayments (Ogone):", "Need support? Contact Ingenico ePayments (Ogone):"
"Netresearch_OPS::Left","Left"
"Netresearch_OPS::Non Visible","Non Visible"
"Netresearch_OPS::Right","Right"
"No update available from Ingenico ePayments (Ogone).","No update available from Ingenico ePayments (Ogone)."
"Number of days before payment reminder email is sent to the customer. Minimum: 1 day.", "Number of days before payment reminder email is sent to the customer. Minimum: 1 day."
"Number of days before unpaid (stale) orders are cancelled. Minimum: 1 day.", "Number of days before unpaid (stale) orders are cancelled. Minimum: 1 day."
"Only alphanumeric characters, not longer than 20 characters. Refer to Ingenico ePayments (Ogone)'s backend in section <em>Technical Information</em> on tab <em>Data and origin verification</em>.","Only alphanumeric characters, not longer than 20 characters. Refer to Ingenico ePayments (Ogone)'s backend in section <em>Technical Information</em> on tab <em>Data and origin verification</em>."
"Only alphanumeric characters, not longer than 20 characters. Refer to Ingenico ePayments (Ogone)'s backend in section <em>Technical Information</em> on tab <em>Transaction feedback</em>.","Only alphanumeric characters, not longer than 20 characters. Refer to Ingenico ePayments (Ogone)'s backend in section <em>Technical Information</em> on tab <em>Transaction feedback</em>."
"Only enable this if you wish to use Fraud Detection.","Only enable this if you wish to use Fraud Detection."
"Only if payment action is authorize.", "Only available if payment action is set to authorize."
"Only offline refund is available, since Ingenico ePayments (Ogone) transaction is already closed.", "Only offline refund is available, since Ingenico ePayments (Ogone) transaction is already closed."
"Order can not be canceled for system reason.","Order can not be canceled for system reason."
"Order can not be saved for system reason.","Order can not be saved for system reason."
"Order can not be saved.","Order can not be saved."
"Order canceled on Ingenico ePayments (Ogone) side. Status: %s, Payment ID: %s.","Order canceled on Ingenico ePayments (Ogone) side. Status: %s, Payment ID: %s."
"Order declined on ops side. Ingenico ePayments (Ogone) status: %s, Payment ID: %s.","Order declined on ops side. Ingenico ePayments (Ogone) status: %s, Payment ID: %s."
"Order has been canceled permanently in Magento. Changes in Ingenico ePayments (Ogone) platform will no longer be considered.","Order has been canceled permanently in Magento. Changes in Ingenico ePayments (Ogone) platform will no longer be considered."
"order id", "Order ID"
"Order is not valid","Order is not valid"
"Order Number","Order Number"
"Order reference in case of inline payments", "Order reference in case of inline payments"
"Order reference in case of redirect payments", "Order reference in case of redirect payments"
"Other","Other"
"OWNERADDRESS","Invoiced customer's address"
"paiement_en_plusiers_fois_description", "Paiement en plusiers fois description"
"Partial capture process complete","Partial capture process complete"
"Password which has been set in the Ingenico ePayments (Ogone) backend for above API user.","Special user for API must be created in the Ingenico ePayments (Ogone) backend in section <em>Users</em>."
"Pay now","Pay now"
"Payment Action","Payment Action"
"Payment failed because the authorization was declined! Please choose another payment method.", "Payment failed because the authorization was declined! Please choose another payment method."
"Payment failed. Please review your input or select another payment method.","Payment failed. Please review your input or select another payment method."
"Payment failed. Please select another payment method.","Payment failed. Please select another payment method."
"Payment from Applicable Countries","Payment from Applicable Countries"
"Payment from Specific Countries","Payment from Specific Countries"
"Payment has been authorized by Ingenico ePayments (Ogone), but not yet captured.", "Payment has been authorized by Ingenico ePayments (Ogone), but not yet captured."
"Payment information could not be sent.", "Payment information could not be sent."
"Payment information has been resend to customer.", "Payment information has been resend to customer."
"Payment Information","Payment Information"
"Payment Logo Visibility","Payment Logo Visibility"
"Payment Logo","Payment Logo"
"Payment Method", "Payment Method"
"Payment method", "Payment method"
"Payment Reference: %s", "Payment Reference: %s"
"Payment Template","Payment Template"
"Payment using 3D secure is not supported.", "Payment using 3D secure is not supported."
"pending", "pending"
"Pick up at merchant","Pick up at merchant"
"Please enter a valid credit card number.","Please enter a valid credit card number."
"Please insert the additional data:","Please insert the additional data:"
"Please make sure that the displayed data is correct.", "Please make sure that the displayed data is correct."
"Please make sure that you enabled customer gender and customer date of birth in customer attributes configuration. Otherwise this payment method won't be available. Please be informed that when you use Afterpay or Klarna as acquirer on Ingenico ePayments (Ogone) side, it's not possible to perform partial captures.", "Please make sure that you enabled customer gender and customer date of birth in customer attributes configuration. Otherwise this payment method won't be available. Please be informed that when you use Afterpay or Klarna as acquirer on Ingenico ePayments (Ogone) side, it's not possible to perform partial captures."
"Please make sure that your street and house number are correct!","Please make sure that your street and house number are correct!"
"Please note that a proper category mapping is necessary in order to use this payment method", "Please note that a proper category mapping is necessary in order to use this payment method"
"Please select a brand", "Please select a brand"
"Please transfer to:", "Please transfer to:"
"Please use this method for the following brands only:", "Please use this method for the following brands only:"
"Please use void to cancel the operation.","Please use void to cancel the operation."
"Please wait a moment. This page will transfer your data to Ingenico ePayments (Ogone) payment gateway in a few seconds.","Please wait a moment. This page will transfer your data to Ingenico ePayments (Ogone) payment gateway in a few seconds."
"PM and Brand combination must be unique","PM and Brand combination must be unique"
"Process outgoing transaction","Process outgoing transaction"
"Processed by Ingenico ePayments (Ogone)","Processed by Ingenico ePayments (Ogone)"
"Processed by Ingenico ePayments (Ogone). Payment ID: %s. Ingenico ePayments (Ogone) status: %s.","Processed by Ingenico ePayments (Ogone). Payment ID: %s. Ingenico ePayments (Ogone) status: %s."
"prod", "Production"
"PSPID is a case sensitive field","PSPID is a case sensitive field"
"quote id", "Quote ID"
"Received Ingenico ePayments (Ogone) feedback status %s.", "Received Ingenico ePayments (Ogone) feedback status %s."
"Received Ingenico ePayments (Ogone) feedback status update with final status %s.", "Received Ingenico ePayments (Ogone) feedback status update with final status %s."
"Received Ingenico ePayments (Ogone) feedback status update with intermediate status %s.", "Received Ingenico ePayments (Ogone) feedback status update with intermediate status %s."
"Received Ingenico ePayments (Ogone) feedback status update with refused status %s.", "Received Ingenico ePayments (Ogone) feedback status update with refused status %s."
"Received Ingenico ePayments (Ogone) feedback status update with suspected fraud status %s. Please have a look in Ingenico ePayments (Ogone) backend for more information.", "Received Ingenico ePayments (Ogone) feedback status update with suspected fraud status %s. Please have a look in Ingenico ePayments (Ogone) backend for more information."
"Received Ingenico ePayments (Ogone) status %s. Order cancelled.", "Received Ingenico ePayments (Ogone) status %s. Order cancelled."
"Refresh payment status", "Refresh payment status"
"Refund is waiting or uncertain. Ingenico ePayments (Ogone) status: %s.","Refund is waiting or uncertain. Ingenico ePayments (Ogone) status: %s."
"Refund refused by Ingenico ePayments (Ogone).", "Refund refused by Ingenico ePayments (Ogone)."
"Refund was refused. Automatic creation failed. Ingenico ePayments (Ogone) status: %s.","Refund was refused. Automatic creation failed. Ingenico ePayments (Ogone) status: %s."
"register", "register"
"Reminder Days", "Reminder Days"
"Reminder Days","Reminder Days"
"Removed alias %s.", "Removed alias %s."
"Request Data Encoding", "Request Data Encoding"
"Resend payment information identity", "Resend payment information identity"
"Resend payment information template", "Resend payment information template"
"Resend payment information", "Resend payment information"
"revert state update to it\'s original one because of Ingenico ePayments (Ogone)\'s state restriction", "revert state update to it\'s original one because of Ingenico ePayments (Ogone)\'s state restriction"
"RNP Fee", "RNP Fee"
"Save payment information", "Save payment information"
"Scoring Category: G","Scoring Categorie: G (Green)"
"Scoring Category: O","Scoring Categorie: O (Orange)"
"Scoring Value: %s","Scoring Value: %s"
"SCORING_DESCRIPTION_AAVCHECK","Result of the automatic address verification. This verification is currently supported by American Express only.<br /><br />Possible values:<br /><br />KO: The address has been sent but the acquirer has given a negative response for the address check, i.e. the address is wrong.<br />OK: The address has been sent and the acquirer has returned a positive response for the address check, i.e. the address is correct.<br />NO: All other cases. For instance, no address transmitted."
"SCORING_DESCRIPTION_CARDNO","Card number or account number"
"SCORING_DESCRIPTION_CCCTY","Country where the card was issued"
"SCORING_DESCRIPTION_CN","Card holder name"
"SCORING_DESCRIPTION_CVCCHECK","Result of the card verification code check.<br /><br />Possible values:<br /><br />KO: The CVC has been sent but the acquirer has given a negative response to the CVC check, i.e. the CVC is wrong.<br />OK: The CVC has been sent and the acquirer has given a positive response to the CVC check, i.e. the CVC is correct.<br />NO: All other cases. For instance, no CVC transmitted."
"SCORING_DESCRIPTION_ED","Expiry date"
"SCORING_DESCRIPTION_IPCTY","Originating country of the IP address"
"SCORING_DESCRIPTION_NBREMAILUSAGE","Number of times an email address has been used over a certain period"
"SCORING_DESCRIPTION_NBRIPUSAGE","Number of times an IP address has been used for successful transactions over a certain period"
"SCORING_DESCRIPTION_NBRIPUSAGE_ALLTX","Number of times an IP address has been used for successful and/or declined transactions over a certain period"
"SCORING_DESCRIPTION_NBRUSAGE","Number of times a credit card has been used over a certain period"
"SCORING_DESCRIPTION_VC","Virtual Card"
"See also <a title='Split credit/debit cards' target='_blank' href='https://payment-services.ingenico.com/int/en/ogone/support/guides/integration%20guides/split-credit-debit-cards'>Ingenico ePayments (Ogone) documentation</a>.", "See also <a title='Split credit/debit cards' target='_blank' href='https://payment-services.ingenico.com/int/en/ogone/support/guides/integration%20guides/split-credit-debit-cards'>Ingenico ePayments (Ogone) documentation</a>."
"See chapter 'Configuration', section 'Magento - Backend' in the documentation. Please note that the option 'orderId' is not used for the Kwixo payment methods.", "See chapter 'configuration', section 'Magento - Backend in the documentation'. Please note that the option 'orderId' is not used for the Kwixo payment methods."
"See chapter 'Configuration', section 'Magento - Backend' in the documentation.","See chapter 'configuration', section 'Magento - Backend' in the documentation."
"Send Invoice to Customer", "Send Invoice to Customer"
"Send reminder email to the customer if order is unpaid (status 0, 1, 2).", "Send reminder email to the customer if order is unpaid (status 0, 1, 2)."
"Sender identity. See 'Store Email Adresses'.", "Sender identity. See 'Store Email Adresses'."
"Services for individuals","Services for individuals"
"Services for professionals","Services for professionals"
"SHA-IN Pass phrase","SHA-IN Pass phrase"
"SHA-OUT Pass phrase","SHA-OUT Pass phrase"
"Shipping Address","Shipping Address"
"shipping details not valid", "Shipping details not valid"
"Shipping Method Details", "Shipping Method Details"
"Shipping method details", "Shipping method details"
"Shipping method speed", "Shipping Speed (in hours)"
"Shipping Method Type", "Shipping Method Type"
"Shipping method type", "Shipping method type"
"Shipping speed (in hours)", "Shipping speed (in hours)"
"shipping speed not valid", "Shipping speed not valid"
"shipping type not valid", "Shipping type not valid"
"Show Alias Manager information for guests", "Show Alias Manager information for guests"
"Show catalog button", "Show catalog button"
"Show empty default option", "Show empty default option"
"Show home button", "Show home button"
"Show information for guests", "Show information for guests"
"Show invoice terms link","Show invoice terms link"
"Show Quote ID in the order grid", "Show Quote ID in the order grid"
"Sofort Uberweisung","SOFORT Überweisung"
"Sort Order for backend", "Sort Order for backend"
"Sound & light","Sound & light"
"Special user for API must be created in the Ingenico ePayments (Ogone) backend in section <em>Users</em>.","Special user for API must be created in the Ingenico ePayments (Ogone) backend in section <em>Users</em>."
"Specific Countries","Specific Countries"
"Sports", "Sports"
"Start Ingenico ePayments (Ogone) %s capture request","Start Ingenico ePayments (Ogone) %s capture request"
"Start Ingenico ePayments (Ogone) processing","Start Ingenico ePayments (Ogone) processing"
"Start Ingenico ePayments (Ogone) refund request","Start Ingenico ePayments (Ogone) refund request"
"State", "State"
"Status %s can not be voided.", "Status %s can not be voided."
"STATUS_0","Incomplete or invalid"
"STATUS_1","Cancelled by client"
"STATUS_2","Authorization refused"
"STATUS_4","Order stored"
"STATUS_5","Authorized"
"STATUS_6","Authorized and cancelled"
"STATUS_7","Payment deleted"
"STATUS_8","Refund"
"STATUS_9","Payment requested"
"STATUS_40","Stored waiting external result"
"STATUS_41","Waiting client payment"
"STATUS_46","Waiting (for identification)"
"STATUS_50","Authorized waiting external result"
"STATUS_51","Authorization waiting"
"STATUS_52","Authorization not known"
"STATUS_55","Stand-by"
"STATUS_56","OK with scheduled payments"
"STATUS_57","Error in scheduled payments"
"STATUS_59","Authoriz. to get manually"
"STATUS_61","Author. deletion waiting"
"STATUS_62","Author. deletion uncertain"
"STATUS_63","Author. deletion refused"
"STATUS_64","Authorized and cancelled"
"STATUS_71","Payment deletion pending"
"STATUS_72","Payment deletion uncertain"
"STATUS_73","Payment deletion refused"
"STATUS_74","Payment deleted"
"STATUS_75","Deletion processed by merchant"
"STATUS_81","Refund pending"
"STATUS_82","Refund uncertain"
"STATUS_83","Refund refused"
"STATUS_84","Payment declined by the acquirer"
"STATUS_85","Refund processed by merchant"
"STATUS_91","Payment processing"
"STATUS_92","Payment uncertain"
"STATUS_93","Payment refused"
"STATUS_94","Refund declined by the acquirer"
"STATUS_95","Payment processed by merchant"
"STATUS_99","Being processed"
"Store contact responsible for subscription handling", "Store contact responsible for subscription handling"
"Submit extra parameters", "Submit extra parameters"
"Submit","Submit"
"SUCCESS_TOKEN","Your payment data is ready to be processed by Ingenico ePayments (Ogone). You can <a href='javascript:void(0)' onclick='payment.reloadIframe();'>reset it</a> or still select another payment method."
"SUCCESS_TOKEN_FRONTEND","Your payment data is ready to be processed by Ingenico ePayments (Ogone). You can <a href='javascript:void(0)' onclick='payment.handleBrandChange();'>reset it</a> or still select another payment method."
"Table Background Color of the Ingenico ePayments (Ogone) Template","Table Background Color of the Ingenico ePayments (Ogone) Template"
"Table Text Color of the Ingenico ePayments (Ogone) Template","Table Text Color of the Ingenico ePayments (Ogone) Template"
"Telephony & communication","Telephony & communication"
"Test url example: https://secure.ogone.com/ncol/test/maintenancedirect.asp<br />Production url example: https://secure.ogone.com/ncol/prod/maintenancedirect.asp","Test url example: https://secure.ogone.com/ncol/test/maintenancedirect.asp<br />Production url example: https://secure.ogone.com/ncol/prod/maintenancedirect.asp"
"Test url example: https://secure.ogone.com/ncol/test/orderdirect.asp<br />Production url example: https://secure.ogone.com/ncol/prod/orderdirect.asp","Test url example: https://secure.ogone.com/ncol/test/orderdirect.asp<br />Production url example: https://secure.ogone.com/ncol/prod/orderdirect.asp"
"Test url example: https://secure.ogone.com/ncol/test/orderstandard_utf8.asp<br />Production url example: https://secure.ogone.com/ncol/prod/orderstandard_utf8.asp","Test url example: https://secure.ogone.com/ncol/test/orderstandard_utf8.asp<br />Production url example: https://secure.ogone.com/ncol/prod/orderstandard_utf8.asp"
"Test url example: https://secure.ogone.com/ncol/test/querydirect.asp<br />Production url example: https://secure.ogone.com/ncol/prod/querydirect.asp", "Test url example: https://secure.ogone.com/ncol/test/orderdirect.asp<br />Production url example: https://secure.ogone.com/ncol/prod/querydirect.asp"
"Test url example: https://ogone.test.v-psp.com/Tokenization/HostedPage<br />Production url example: https://secure.ogone.com/Tokenization/HostedPage","Test url example: https://ogone.test.v-psp.com/Tokenization/HostedPage<br />Production url example: https://secure.ogone.com/Tokenization/HostedPage"
"test", "Test"
"Text Color of the Ingenico ePayments (Ogone) Template","Text Color of the Ingenico ePayments (Ogone) Template"
"The capture has already been invoiced.","The capture has already been invoiced."
"The CreditMemo was not created. Ingenico ePayments (Ogone) status: %s.","The CreditMemo was not created. Ingenico ePayments (Ogone) status: %s."
"The Creditmemo will be created automatically as soon as Ingenico ePayments (Ogone) sends an acknowledgement.","The Creditmemo will be created automatically as soon as Ingenico ePayments (Ogone) sends an acknowledgement."
"The data you have provided can not be processed by Ingenico ePayments (Ogone)", "The data you have provided can not be processed by Ingenico ePayments (Ogone)"
"The email template to use. Choose 'Default Template from Locale' to use Ingenico ePayments (Ogone) extensions default template.", "The email template to use. Choose 'Default Template from Locale' to use Ingenico ePayments (Ogone) extensions default template."
"The ID of Tracker Application Account.", "The ID of Tracker Application Account."
"The Invoice was not created. Ingenico ePayments (Ogone) status: %s.","The Invoice was not created. Ingenico ePayments (Ogone) status: %s."
"The Invoice will be created automatically as soon as Ingenico ePayments (Ogone) sends an acknowledgement.","The Invoice will be created automatically as soon as Ingenico ePayments (Ogone) sends an acknowledgement."
"The order has been accepted in Magento only. For the actual status of the payment check the Ingenico ePayments (Ogone) backend.", "The order has been accepted in Magento only. For the actual status of the payment check the Ingenico ePayments (Ogone) backend."
"The order was cancelled manually. The Ingenico ePayments (Ogone)-state is 0 or null.","The order was cancelled manually. The Ingenico ePayments (Ogone)-state is 0 or null."
"The void request is sent. Please wait until the void request will be accepted.","The void request is sent. Please wait until the void request will be accepted."
"There is already one creditmemo in the queue. The Creditmemo will be created automatically as soon as Ingenico ePayments (Ogone) sends an acknowledgement.","There is already one creditmemo in the queue. The Creditmemo will be created automatically as soon as Ingenico ePayments (Ogone) sends an acknowledgement."
"There is one capture request waiting. Please wait until this request is acknowledged.","There is one capture request waiting. Please wait until this request is acknowledged."
"There is one void request waiting. Please wait until this request is acknowledged.","There is one void request waiting. Please wait until this request is acknowledged."
"This contact will receive the suspend/cancel requests for the subscriptions. See 'Store Email Adresses'.", "This contact will receive the suspend/cancel requests for the subscriptions. See 'Store Email Addresses'."
"This e-mail template is used for the automatically generated e-mail that is sent to the corresponding contact, if a customer wants to cancel a subscription.", "This e-mail template is used for the automatically generated e-mail which is sent to the corresponding contact, if a customer wants to cancel a subscription."
"This functionality will transmit specific customer data as hash to Ingenico ePayments (Ogone) to identify the device from which the transaction was sent can be identified with the highest probability.","This functionality will transmit specific customer data as hash to Ingenico ePayments (Ogone) to identify the device from which the transaction was sent can be identified with the highest probability."
"This is a required field.","This is a required field."
"This might be a fraud attempt. Please check details for more information.", "This might be a fraud attempt. Please check details for more information."
"This must be identical to the value in the Ingenico ePayments (Ogone) backend in section <em>Technical information</em> on tab <em>Data and origin verification</em>.","This must be identical to the value in the Ingenico ePayments (Ogone) backend in section <em>Technical information</em> on tab <em>Data and origin verification</em>."
"This must be identical to the value in the Ingenico ePayments (Ogone) backend in section <em>Technical information</em> on tab <em>Global security parameters</em>.","This must be identical to the value in the Ingenico ePayments (Ogone) backend in section <em>Technical information</em> on tab <em>Global security parameters</em>."
"This must be identical to the value in the Ingenico ePayments (Ogone) backend in section <em>Technical information</em> on tab <em>Transaction feedback</em>.","This must be identical to the value in the Ingenico ePayments (Ogone) backend in section <em>Technical information</em> on tab <em>Transaction feedback</em>."
"This payment method always uses direct sale as payment action.","This payment method always uses direct sale as payment action."
"This payment method is used to handle subscriptions via Ingenico ePayments (Ogone) through Magentos recurring profiles. It is only available for orders containing only nominal items.", "This payment method is used to handle subscriptions via Ingenico ePayments (Ogone) through Magento's Recurring Profiles. It is only available for orders containing suitable (nominal) items."
"This requires working Magento Cronjobs.", "This requires working Magento Cronjobs."
"This sets if this payment method should also be available for orders from the Magento backend.","This sets if this payment method should also be available for orders from the Magento backend."
"This setting will override the configuration in the Ingenico ePayments (Ogone) backend in section <em>Technical information</em> on tab <em>Global transaction parameters</em>.","This setting will override the configuration in the Ingenico ePayments (Ogone) backend in section <em>Technical information</em> on tab <em>Global transaction parameters</em>."
"This value specifies the request timeout for that transaction. A value between 30 and 60 seconds is possible.", "This value specifies the request timeout for that transaction. A value between 30 and 60 seconds is possible."
"This will log requests and responses in /var/log/ops.log","This will log requests and responses in /var/log/ops.log"
"Timeout for transactions","Timeout for transactions"
"Title of the Ingenico ePayments (Ogone) Template","Title of the Ingenico ePayments (Ogone) Template"
"Title to display for the default option.", "Title to display for the default option."
"Title", "Title"
"To actually activate the subscription an update in the Ingenico ePayments (Ogone) backend is needed.", "To actually activate the subscription an update in the Ingenico ePayments (Ogone) backend is needed."
"To actually cancel the subscription an update in the Ingenico ePayments (Ogone) backend is needed.","To actually cancel the subscription an update in the Ingenico ePayments (Ogone) backend is needed."
"To actually suspend the subscription an update in the Ingenico ePayments (Ogone) backend is needed.","To actually suspend the subscription an update in the Ingenico ePayments (Ogone) backend is needed."
"To cancel the subscription, please send an email to the shop owner or request this by clicking the suspend button on the subscriptions detail view in your customer account. A link to that page will be displayed on the checkout success page.", "To cancel the subscription, please send an email to the shop owner or request this by clicking the suspend button on the subscriptions detail view in your customer account. A link to that page will be displayed on the checkout success page."
"Transmit new payment method...","Transmit new payment method..."
"Transporter (La Poste, UPS...)","Transporter (La Poste, UPS...)"
"Travel & tourism","Travel & tourism"
"Unknown Ingenico ePayments (Ogone) state for this order. Please check Ingenico ePayments (Ogone) backend for this order.", "Unknown Ingenico ePayments (Ogone) state for this order. Please check Ingenico ePayments (Ogone) backend for this order."
"Unknown Ingenico ePayments (Ogone) status: %s.","Unknown Ingenico ePayments (Ogone) status: %s."
"Unknown country within the IBAN '%value%'", "Unknown country within the IBAN '%value%'"
"URL/filename of the logo. The URL must be absolute and stored on a secure server.","URL/filename of the logo. The URL must be absolute and stored on a secure server."
"Value exceeds %d characters","Value exceeds %d characters"
"Verical list","Verical list"
"Void is waiting or uncertain. Ingenico ePayments (Ogone) status: %s.","Void is waiting or uncertain. Ingenico ePayments (Ogone) status: %s."
"Void order failed. Ingenico ePayments (Ogone) status: %s.","Void order failed. Ingenico ePayments (Ogone) status: %s."
"Void order succeed. Ingenico ePayments (Ogone) status: %s.","Void order succeed. Ingenico ePayments (Ogone) status: %s."
"Void was refused. Automatic creation failed. Ingenico ePayments (Ogone) status: %s.","Void was refused. Automatic creation failed. Ingenico ePayments (Ogone) status: %s."
"Waiting for payment. Ingenico ePayments (Ogone) status: %s.","Waiting for payment. Ingenico ePayments (Ogone) status: %s."
"Waiting for the payment of the customer","Waiting for the payment of the customer"
"When enabling this, you still need to request the explicit consent of the customer in the checkout to transmit this data.","When enabling this, you still need to request the explicit consent of the customer in the checkout to transmit this data."
"When the option 'Other' is selected the request data will get converted to ASCII chararcters by using the appropriate transliterations for the given locale of the store.","When the option 'Other' is selected the request data will get converted to ASCII chararcters by using the appropriate transliterations for the given locale of the store."
"When using %s as payment method the settings for '%s' and '%s' will not be processed.", "When using %s as payment method the settings for '%s' and '%s' will not be processed."
"When using Klarna as your aquirer you will need to switch to the option 'Other'.","When using Klarna as your aquirer you will need to switch to the option 'Other'."
"With this setting the customer will be redirected to the Ingenico ePayments (Ogone) paypage with the look and feel of your shop. </br> The template used can be seen here: </br>", "With this setting the customer will be redirected to the Ingenico ePayments (Ogone) paypage with the look and feel of your shop. </br> The template used can be seen here: </br>"
"With this setting the customer will be redirected to the Ingenico ePayments (Ogone) paypage. The look and feel of that page will be defined by a dynamically loaded template file that you can define below.","With this setting the customer will be redirected to the Ingenico ePayments (Ogone) paypage. The look and feel of that page will be defined by a dynamically loaded template file that you can define below."
"With this setting the customer will enter the payment details on a page in your shop that hosts the Ingenico ePayments (Ogone) paypage in an iFrame. You can style the paypage through the parameters below.","With this setting the customer will enter the payment details on a page in your shop that hosts the Ingenico ePayments (Ogone) paypage in an iFrame. You can style the paypage through the parameters below."
"With this setting the customer will get redirected to Ingenico ePayments (Ogone) to enter his payment details. You can style the page through the parameters below.","With this setting the customer will get redirected to Ingenico ePayments (Ogone) to enter his payment details. You can style the page through the parameters below."
"Year of Expiration Date", "Year of Expiration Date"
"You already sent a capture request. Please wait until the capture request is acknowledged.","You already sent a capture request. Please wait until the capture request is acknowledged."
"You already sent a void request. Please wait until the void request will be acknowledged.","You already sent a void request. Please wait until the void request will be acknowledged."
"You are not allowed to suspend this subscription!", "You are not allowed to suspend this subscription!"
"You did not save any payment information, yet.", "You did not save any payment information, yet."
"You don't want to enter your payment information again? Just %s to save your credit card information securely!", "You don't want to enter your payment information again? Just %s to save your credit card information securely!"
"You will be charged an initial amount of %s.", "You will be charged an initial amount of %s."
"You will be redirected to Ingenico ePayments (Ogone) website when you place an order.","You will be redirected to Ingenico ePayments (Ogone) website when you place an order."
"You will be redirected to finalize your payment.","You will be redirected to finalize your payment."
"You will be redirected to the payment page after the order confirmation.","You will be redirected to the payment page after the order confirmation."
"Your details", "Your details"
"Your given data","Your given data"
"Your order has been registered, but your payment is still marked as pending. Please have patience until the final status is known.","Your order has been registered, but your payment is still marked as pending. Please have patience until the final status is known."
"Your payment information was declined. Please select another payment method.","Your payment information was declined. Please select another payment method."
"Your suspend request was successfully sent. A copy of the email will be sent to your address.", "Your suspend request was successfully sent. A copy of the email will be sent to your address."
